{
  "project_info": {
    "project_number": "1096429737863",
    "firebase_url": "https://savedataandroid.firebaseio.com",
    "project_id": "savedataandroid",
    "storage_bucket": "savedataandroid.appspot.com"
  },
  "client": [
    {
      "client_info": {
        "mobilesdk_app_id": "1:1096429737863:android:9734daceb74416ccbce522",
        "android_client_info": {
          "package_name": "com.example.mdcsavedata"
        }
      },
      "oauth_client": [
        {
          "client_id": "1096429737863-9gnm04ic9rfunq6ue9eqd56p3ks31k3k.apps.googleusercontent.com",
          "client_type": 3
        }
      ],
      "api_key": [
        {
          "current_key": "AIzaSyAwyWm3t3qDbQmLxkp78AMTHcpl74BsFyE"
        }
      ],
      "services": {
        "appinvite_service": {
          "other_platform_oauth_client": [
            {
              "client_id": "1096429737863-9gnm04ic9rfunq6ue9eqd56p3ks31k3k.apps.googleusercontent.com",
              "client_type": 3
            }
          ]
        }
      }
    }
  ],
  "configuration_version": "1"
}